"dt","average_temperature","country"
"2013",-2.569,"Åland"
"2013",-1.782,"Åland"
"2013",-4.779,"Åland"
"2013",1.701,"Åland"
"2013",10.327,"Åland"
"2013",14.068,"Åland"
"2013",16.447,"Åland"
"2013",16.425,"Åland"
"2013",2.241,"Afghanistan"
"2013",4.253,"Afghanistan"
"2013",8.46,"Afghanistan"
"2013",14.845,"Afghanistan"
"2013",21.355,"Afghanistan"
"2013",26.879,"Afghanistan"
"2013",28.205,"Afghanistan"
"2013",26.031,"Afghanistan"
"2013",22.138,"Africa"
"2013",23.533,"Africa"
"2013",25.717,"Africa"
"2013",25.52,"Africa"
"2013",26.671,"Africa"
"2013",26.324,"Africa"
"2013",25.856,"Africa"
"2013",25.911,"Africa"
"2013",4.412,"Albania"
"2013",5.769,"Albania"
"2013",8.423,"Albania"
"2013",13.538,"Albania"
"2013",18.355,"Albania"
"2013",21.07,"Albania"
"2013",23.591,"Albania"
"2013",24.793,"Albania"
"2013",12.781,"Algeria"
"2013",14.211,"Algeria"
"2013",21.027,"Algeria"
"2013",24.242,"Algeria"
"2013",28.482,"Algeria"
"2013",32.288,"Algeria"
"2013",34.707,"Algeria"
"2013",33.234,"Algeria"
"2013",27.241,"American Samoa"
"2013",27.793,"American Samoa"
"2013",27.683,"American Samoa"
"2013",27.824,"American Samoa"
"2013",28.045,"American Samoa"
"2013",27.65,"American Samoa"
"2013",26.902,"American Samoa"
"2013",27,"American Samoa"
"2013",4.757,"Andorra"
"2013",3.988,"Andorra"
"2013",8.03,"Andorra"
"2013",9.97,"Andorra"
"2013",11.91,"Andorra"
"2013",17.01,"Andorra"
"2013",22.003,"Andorra"
"2013",20.795,"Andorra"
"2013",24.33,"Angola"
"2013",24.785,"Angola"
"2013",24.576,"Angola"
"2013",23.175,"Angola"
"2013",21.861,"Angola"
"2013",20.103,"Angola"
"2013",19.656,"Angola"
"2013",21.577,"Angola"
"2013",25.919,"Anguilla"
"2013",25.899,"Anguilla"
"2013",26.187,"Anguilla"
"2013",26.679,"Anguilla"
"2013",27.667,"Anguilla"
"2013",28.414,"Anguilla"
"2013",28.904,"Anguilla"
"2013",29.235,"Anguilla"
"2013",25.787,"Antigua And Barbuda"
"2013",25.802,"Antigua And Barbuda"
"2013",26.089,"Antigua And Barbuda"
"2013",26.601,"Antigua And Barbuda"
"2013",27.706,"Antigua And Barbuda"
"2013",28.322,"Antigua And Barbuda"
"2013",28.712,"Antigua And Barbuda"
"2013",28.978,"Antigua And Barbuda"
"2013",22.477,"Argentina"
"2013",21.145,"Argentina"
"2013",17.366,"Argentina"
"2013",15.838,"Argentina"
"2013",11.745,"Argentina"
"2013",9.594,"Argentina"
"2013",8.344,"Argentina"
"2013",9.148,"Argentina"
"2013",-2.414,"Armenia"
"2013",0.586,"Armenia"
"2013",4.401,"Armenia"
"2013",10.492,"Armenia"
"2013",15.218,"Armenia"
"2013",19.142,"Armenia"
"2013",21.782,"Armenia"
"2013",21.543,"Armenia"
"2013",27.012,"Aruba"
"2013",26.97,"Aruba"
"2013",27.242,"Aruba"
"2013",27.809,"Aruba"
"2013",28.97,"Aruba"
"2013",29.881,"Aruba"
"2013",30.171,"Aruba"
"2013",30.275,"Aruba"
"2013",-6.65,"Asia"
"2013",-3.745,"Asia"
"2013",1.969,"Asia"
"2013",9.688,"Asia"
"2013",16.102,"Asia"
"2013",20.364,"Asia"
"2013",21.962,"Asia"
"2013",20.689,"Asia"
"2013",29.861,"Australia"
"2013",28.311,"Australia"
"2013",26.59,"Australia"
"2013",23.305,"Australia"
"2013",19.377,"Australia"
"2013",16.018,"Australia"
"2013",15.933,"Australia"
"2013",17.748,"Australia"
"2013",-2.405,"Austria"
"2013",-3.086,"Austria"
"2013",0.129,"Austria"
"2013",7.714,"Austria"
"2013",11.048,"Austria"
"2013",14.997,"Austria"
"2013",18.728,"Austria"
"2013",17.316,"Austria"
"2013",2.585,"Azerbaijan"
"2013",4.516,"Azerbaijan"
"2013",7.299,"Azerbaijan"
"2013",12.104,"Azerbaijan"
"2013",17.565,"Azerbaijan"
"2013",21.862,"Azerbaijan"
"2013",24.221,"Azerbaijan"
"2013",23.239,"Azerbaijan"
"2013",23.901,"Bahamas"
"2013",23.234,"Bahamas"
"2013",21.729,"Bahamas"
"2013",25.451,"Bahamas"
"2013",25.976,"Bahamas"
"2013",28.051,"Bahamas"
"2013",28.31,"Bahamas"
"2013",28.796,"Bahamas"
"2013",28.657,"Bahamas"
"2013",17.549,"Bahrain"
"2013",19.131,"Bahrain"
"2013",21.981,"Bahrain"
"2013",26.712,"Bahrain"
"2013",30.864,"Bahrain"
"2013",35.02,"Bahrain"
"2013",36.922,"Bahrain"
"2013",35.224,"Bahrain"
"2013",26.284,"Baker Island"
"2013",26.637,"Baker Island"
"2013",27.296,"Baker Island"
"2013",26.783,"Baker Island"
"2013",26.53,"Baker Island"
"2013",26.552,"Baker Island"
"2013",25.666,"Baker Island"
"2013",25.706,"Baker Island"
"2013",16.922,"Bangladesh"
"2013",21.412,"Bangladesh"
"2013",26.056,"Bangladesh"
"2013",27.994,"Bangladesh"
"2013",28.105,"Bangladesh"
"2013",29.524,"Bangladesh"
"2013",29.083,"Bangladesh"
"2013",28.644,"Bangladesh"
"2013",26.088,"Barbados"
"2013",26.182,"Barbados"
"2013",26.504,"Barbados"
"2013",26.806,"Barbados"
"2013",27.849,"Barbados"
"2013",28.02,"Barbados"
"2013",28.284,"Barbados"
"2013",28.276,"Barbados"
"2013",-6.989,"Belarus"
"2013",-1.969,"Belarus"
"2013",-4.565,"Belarus"
"2013",6.9,"Belarus"
"2013",16.744,"Belarus"
"2013",19.07,"Belarus"
"2013",18.71,"Belarus"
"2013",18.231,"Belarus"
"2013",1.65,"Belgium"
"2013",1.208,"Belgium"
"2013",2.891,"Belgium"
"2013",8.743,"Belgium"
"2013",11.659,"Belgium"
"2013",15.827,"Belgium"
"2013",20.013,"Belgium"
"2013",18.49,"Belgium"
"2013",23.712,"Belize"
"2013",24.85,"Belize"
"2013",24.288,"Belize"
"2013",27.324,"Belize"
"2013",27.708,"Belize"
"2013",27.205,"Belize"
"2013",26.759,"Belize"
"2013",26.105,"Belize"
"2013",27.969,"Belize"
"2013",27.093,"Benin"
"2013",29.689,"Benin"
"2013",31.302,"Benin"
"2013",29.871,"Benin"
"2013",28.93,"Benin"
"2013",27.388,"Benin"
"2013",26.211,"Benin"
"2013",24.801,"Benin"
"2013",3.455,"Bhutan"
"2013",7.355,"Bhutan"
"2013",11.013,"Bhutan"
"2013",12.977,"Bhutan"
"2013",15.497,"Bhutan"
"2013",19.016,"Bhutan"
"2013",18.973,"Bhutan"
"2013",18.365,"Bhutan"
"2013",23.274,"Bolivia"
"2013",22.97,"Bolivia"
"2013",22.509,"Bolivia"
"2013",20.915,"Bolivia"
"2013",19.894,"Bolivia"
"2013",18.831,"Bolivia"
"2013",18.23,"Bolivia"
"2013",18.504,"Bolivia"
"2013",26.493,"Bonaire, Saint Eustatius And Saba"
"2013",26.592,"Bonaire, Saint Eustatius And Saba"
"2013",27.088,"Bonaire, Saint Eustatius And Saba"
"2013",27.395,"Bonaire, Saint Eustatius And Saba"
"2013",28.339,"Bonaire, Saint Eustatius And Saba"
"2013",28.929,"Bonaire, Saint Eustatius And Saba"
"2013",29.106,"Bonaire, Saint Eustatius And Saba"
"2013",29.415,"Bonaire, Saint Eustatius And Saba"
"2013",2.086,"Bosnia And Herzegovina"
"2013",2.819,"Bosnia And Herzegovina"
"2013",5.487,"Bosnia And Herzegovina"
"2013",12.403,"Bosnia And Herzegovina"
"2013",15.901,"Bosnia And Herzegovina"
"2013",19.24,"Bosnia And Herzegovina"
"2013",22.289,"Bosnia And Herzegovina"
"2013",22.811,"Bosnia And Herzegovina"
"2013",27.527,"Botswana"
"2013",27.577,"Botswana"
"2013",26.212,"Botswana"
"2013",21.954,"Botswana"
"2013",19.228,"Botswana"
"2013",16.939,"Botswana"
"2013",16.664,"Botswana"
"2013",18.505,"Botswana"
"2013",26.239,"Brazil"
"2013",26.217,"Brazil"
"2013",26.233,"Brazil"
"2013",25.464,"Brazil"
"2013",24.906,"Brazil"
"2013",24.788,"Brazil"
"2013",24.202,"Brazil"
"2013",24.736,"Brazil"
"2013",25.594,"British Virgin Islands"
"2013",25.594,"British Virgin Islands"
"2013",25.86,"British Virgin Islands"
"2013",26.481,"British Virgin Islands"
"2013",27.493,"British Virgin Islands"
"2013",28.021,"British Virgin Islands"
"2013",28.63,"British Virgin Islands"
"2013",29.147,"British Virgin Islands"
"2013",28.991,"British Virgin Islands"
"2013",1.298,"Bulgaria"
"2013",3.751,"Bulgaria"
"2013",5.925,"Bulgaria"
"2013",12.225,"Bulgaria"
"2013",18.16,"Bulgaria"
"2013",20.133,"Bulgaria"
"2013",22.259,"Bulgaria"
"2013",23.544,"Bulgaria"
"2013",25.118,"Burkina Faso"
"2013",28.37,"Burkina Faso"
"2013",32.644,"Burkina Faso"
"2013",32.082,"Burkina Faso"
"2013",32.198,"Burkina Faso"
"2013",30.313,"Burkina Faso"
"2013",27.957,"Burkina Faso"
"2013",26.402,"Burkina Faso"
"2013",19.27,"Burma"
"2013",23.039,"Burma"
"2013",25.174,"Burma"
"2013",27.495,"Burma"
"2013",27.16,"Burma"
"2013",27.168,"Burma"
"2013",26.425,"Burma"
"2013",26.292,"Burma"
"2013",21.168,"Burundi"
"2013",21.27,"Burundi"
"2013",20.757,"Burundi"
"2013",20.017,"Burundi"
"2013",20.756,"Burundi"
"2013",20.552,"Burundi"
"2013",20.546,"Burundi"
"2013",21.836,"Burundi"
"2013",26.775,"Côte D'Ivoire"
"2013",28.159,"Côte D'Ivoire"
"2013",29.149,"Côte D'Ivoire"
"2013",28.176,"Côte D'Ivoire"
"2013",27.465,"Côte D'Ivoire"
"2013",26.391,"Côte D'Ivoire"
"2013",25.367,"Côte D'Ivoire"
"2013",25.007,"Côte D'Ivoire"
"2013",25.829,"Cambodia"
"2013",28.237,"Cambodia"
"2013",29.609,"Cambodia"
"2013",29.766,"Cambodia"
"2013",29.45,"Cambodia"
"2013",28.236,"Cambodia"
"2013",27.434,"Cambodia"
"2013",27.516,"Cambodia"
"2013",25.382,"Cameroon"
"2013",26.61,"Cameroon"
"2013",26.75,"Cameroon"
"2013",26.156,"Cameroon"
"2013",25.411,"Cameroon"
"2013",24.694,"Cameroon"
"2013",23.955,"Cameroon"
"2013",23.503,"Cameroon"
"2013",-21.633,"Canada"
"2013",-18.896,"Canada"
"2013",-14.001,"Canada"
"2013",-7.849,"Canada"
"2013",2.926,"Canada"
"2013",10.8,"Canada"
"2013",13.333,"Canada"
"2013",12.632,"Canada"
"2013",7.922,"Canada"
"2013",22.903,"Cape Verde"
"2013",22.706,"Cape Verde"
"2013",23.403,"Cape Verde"
"2013",23.528,"Cape Verde"
"2013",24.841,"Cape Verde"
"2013",25.178,"Cape Verde"
"2013",26.433,"Cape Verde"
"2013",27.252,"Cape Verde"
"2013",26.034,"Cayman Islands"
"2013",25.776,"Cayman Islands"
"2013",24.931,"Cayman Islands"
"2013",27.986,"Cayman Islands"
"2013",28.253,"Cayman Islands"
"2013",28.393,"Cayman Islands"
"2013",28.441,"Cayman Islands"
"2013",28.457,"Cayman Islands"
"2013",29.753,"Cayman Islands"
"2013",26.562,"Central African Republic"
"2013",27.91,"Central African Republic"
"2013",27.994,"Central African Republic"
"2013",26.229,"Central African Republic"
"2013",26.195,"Central African Republic"
"2013",25.545,"Central African Republic"
"2013",24.554,"Central African Republic"
"2013",24.698,"Central African Republic"
"2013",23.392,"Chad"
"2013",25.512,"Chad"
"2013",29.191,"Chad"
"2013",29.331,"Chad"
"2013",31.079,"Chad"
"2013",30.934,"Chad"
"2013",29.508,"Chad"
"2013",27.901,"Chad"
"2013",15.224,"Chile"
"2013",14.402,"Chile"
"2013",12.105,"Chile"
"2013",10.559,"Chile"
"2013",8.309,"Chile"
"2013",6.683,"Chile"
"2013",5.774,"Chile"
"2013",5.963,"Chile"
"2013",-8.137,"China"
"2013",-3.812,"China"
"2013",3.819,"China"
"2013",8.577,"China"
"2013",14.824,"China"
"2013",18.636,"China"
"2013",20.482,"China"
"2013",19.971,"China"
"2013",27.061,"Christmas Island"
"2013",27.638,"Christmas Island"
"2013",27.602,"Christmas Island"
"2013",27.7,"Christmas Island"
"2013",27.413,"Christmas Island"
"2013",26.665,"Christmas Island"
"2013",26,"Christmas Island"
"2013",26.007,"Christmas Island"
"2013",25.695,"Colombia"
"2013",25.493,"Colombia"
"2013",26.038,"Colombia"
"2013",25.874,"Colombia"
"2013",25.37,"Colombia"
"2013",25.5,"Colombia"
"2013",25.276,"Colombia"
"2013",25.39,"Colombia"
"2013",28.221,"Comoros"
"2013",28.008,"Comoros"
"2013",28.042,"Comoros"
"2013",27.467,"Comoros"
"2013",26.51,"Comoros"
"2013",25.133,"Comoros"
"2013",24.546,"Comoros"
"2013",24.416,"Comoros"
"2013",24.981,"Congo (Democratic Republic Of The)"
"2013",25.339,"Congo (Democratic Republic Of The)"
"2013",25.115,"Congo (Democratic Republic Of The)"
"2013",24.398,"Congo (Democratic Republic Of The)"
"2013",24.46,"Congo (Democratic Republic Of The)"
"2013",24.146,"Congo (Democratic Republic Of The)"
"2013",23.619,"Congo (Democratic Republic Of The)"
"2013",24.425,"Congo (Democratic Republic Of The)"
"2013",25.476,"Congo"
"2013",26.23,"Congo"
"2013",25.982,"Congo"
"2013",25.787,"Congo"
"2013",25.565,"Congo"
"2013",24.642,"Congo"
"2013",23.602,"Congo"
"2013",23.831,"Congo"
"2013",25.887,"Costa Rica"
"2013",25.844,"Costa Rica"
"2013",26.709,"Costa Rica"
"2013",26.91,"Costa Rica"
"2013",26.702,"Costa Rica"
"2013",26.266,"Costa Rica"
"2013",26.678,"Costa Rica"
"2013",26.251,"Costa Rica"
"2013",26.871,"Costa Rica"
"2013",2.752,"Croatia"
"2013",2.886,"Croatia"
"2013",5.699,"Croatia"
"2013",13.086,"Croatia"
"2013",16.502,"Croatia"
"2013",20.418,"Croatia"
"2013",23.809,"Croatia"
"2013",23.56,"Croatia"
"2013",24.584,"Cuba"
"2013",24.279,"Cuba"
"2013",23.345,"Cuba"
"2013",26.14,"Cuba"
"2013",26.495,"Cuba"
"2013",27.491,"Cuba"
"2013",27.568,"Cuba"
"2013",27.928,"Cuba"
"2013",28.424,"Cuba"
"2013",26.679,"Curaçao"
"2013",26.859,"Curaçao"
"2013",27.249,"Curaçao"
"2013",27.611,"Curaçao"
"2013",28.569,"Curaçao"
"2013",29.191,"Curaçao"
"2013",29.279,"Curaçao"
"2013",29.527,"Curaçao"
"2013",12.367,"Cyprus"
"2013",13.867,"Cyprus"
"2013",15.313,"Cyprus"
"2013",17.935,"Cyprus"
"2013",22.725,"Cyprus"
"2013",25.339,"Cyprus"
"2013",27.209,"Cyprus"
"2013",28.044,"Cyprus"
"2013",-1.594,"Czech Republic"
"2013",-1.157,"Czech Republic"
"2013",-0.0600000000000001,"Czech Republic"
"2013",8.741,"Czech Republic"
"2013",12.903,"Czech Republic"
"2013",16.599,"Czech Republic"
"2013",20.155,"Czech Republic"
"2013",18.661,"Czech Republic"
"2013",0.272,"Denmark (Europe)"
"2013",-0.118,"Denmark (Europe)"
"2013",-0.311,"Denmark (Europe)"
"2013",5.673,"Denmark (Europe)"
"2013",12.208,"Denmark (Europe)"
"2013",14.893,"Denmark (Europe)"
"2013",17.986,"Denmark (Europe)"
"2013",17.528,"Denmark (Europe)"
"2013",-26.332,"Denmark"
"2013",-29.123,"Denmark"
"2013",-23.937,"Denmark"
"2013",-20.195,"Denmark"
"2013",-12.048,"Denmark"
"2013",-3.101,"Denmark"
"2013",-0.9,"Denmark"
"2013",-3.782,"Denmark"
"2013",25.857,"Djibouti"
"2013",27.064,"Djibouti"
"2013",28.809,"Djibouti"
"2013",30.643,"Djibouti"
"2013",32,"Djibouti"
"2013",33.041,"Djibouti"
"2013",34.012,"Djibouti"
"2013",34.532,"Djibouti"
"2013",25.56,"Dominica"
"2013",25.609,"Dominica"
"2013",25.904,"Dominica"
"2013",26.296,"Dominica"
"2013",27.587,"Dominica"
"2013",28.003,"Dominica"
"2013",28.167,"Dominica"
"2013",28.251,"Dominica"
"2013",24.15,"Dominican Republic"
"2013",24.355,"Dominican Republic"
"2013",24.792,"Dominican Republic"
"2013",25.865,"Dominican Republic"
"2013",26.965,"Dominican Republic"
"2013",27.322,"Dominican Republic"
"2013",27.258,"Dominican Republic"
"2013",27.86,"Dominican Republic"
"2013",28.046,"Dominican Republic"
"2013",22.659,"Ecuador"
"2013",22.525,"Ecuador"
"2013",22.983,"Ecuador"
"2013",22.762,"Ecuador"
"2013",22.497,"Ecuador"
"2013",21.933,"Ecuador"
"2013",21.243,"Ecuador"
"2013",21.511,"Ecuador"
"2013",14.792,"Egypt"
"2013",17.203,"Egypt"
"2013",21.278,"Egypt"
"2013",22.741,"Egypt"
"2013",28.974,"Egypt"
"2013",30.269,"Egypt"
"2013",30.114,"Egypt"
"2013",30.671,"Egypt"
"2013",24.831,"El Salvador"
"2013",25.474,"El Salvador"
"2013",25.992,"El Salvador"
"2013",27.336,"El Salvador"
"2013",26.655,"El Salvador"
"2013",25.762,"El Salvador"
"2013",25.799,"El Salvador"
"2013",24.943,"El Salvador"
"2013",26.405,"El Salvador"
"2013",26.418,"Equatorial Guinea"
"2013",27.288,"Equatorial Guinea"
"2013",26.528,"Equatorial Guinea"
"2013",26.231,"Equatorial Guinea"
"2013",25.834,"Equatorial Guinea"
"2013",24.622,"Equatorial Guinea"
"2013",23.95,"Equatorial Guinea"
"2013",23.853,"Equatorial Guinea"
"2013",24.658,"Eritrea"
"2013",26.245,"Eritrea"
"2013",27.855,"Eritrea"
"2013",28.724,"Eritrea"
"2013",30.711,"Eritrea"
"2013",30.325,"Eritrea"
"2013",29.751,"Eritrea"
"2013",29.759,"Eritrea"
"2013",-6.346,"Estonia"
"2013",-3.075,"Estonia"
"2013",-6.571,"Estonia"
"2013",3.424,"Estonia"
"2013",14.249,"Estonia"
"2013",18.11,"Estonia"
"2013",18.247,"Estonia"
"2013",17.656,"Estonia"
"2013",23.222,"Ethiopia"
"2013",24.475,"Ethiopia"
"2013",25.74,"Ethiopia"
"2013",25.447,"Ethiopia"
"2013",25.371,"Ethiopia"
"2013",24.424,"Ethiopia"
"2013",23.784,"Ethiopia"
"2013",24.589,"Ethiopia"
"2013",-0.817,"Europe"
"2013",0.285,"Europe"
"2013",0.946,"Europe"
"2013",7.81,"Europe"
"2013",13.466,"Europe"
"2013",17.096,"Europe"
"2013",19.585,"Europe"
"2013",18.991,"Europe"
"2013",10.837,"Falkland Islands (Islas Malvinas)"
"2013",9.299,"Falkland Islands (Islas Malvinas)"
"2013",8.729,"Falkland Islands (Islas Malvinas)"
"2013",9.562,"Falkland Islands (Islas Malvinas)"
"2013",6.209,"Falkland Islands (Islas Malvinas)"
"2013",6.004,"Falkland Islands (Islas Malvinas)"
"2013",5.021,"Falkland Islands (Islas Malvinas)"
"2013",3.107,"Falkland Islands (Islas Malvinas)"
"2013",5.261,"Faroe Islands"
"2013",4.736,"Faroe Islands"
"2013",2.919,"Faroe Islands"
"2013",4.08,"Faroe Islands"
"2013",7.17,"Faroe Islands"
"2013",9.678,"Faroe Islands"
"2013",11.365,"Faroe Islands"
"2013",11.404,"Faroe Islands"
"2013",28.014,"Federated States Of Micronesia"
"2013",28.168,"Federated States Of Micronesia"
"2013",27.946,"Federated States Of Micronesia"
"2013",28.07,"Federated States Of Micronesia"
"2013",28.351,"Federated States Of Micronesia"
"2013",27.819,"Federated States Of Micronesia"
"2013",27.785,"Federated States Of Micronesia"
"2013",27.825,"Federated States Of Micronesia"
"2013",27.307,"Fiji"
"2013",26.975,"Fiji"
"2013",26.96,"Fiji"
"2013",26.802,"Fiji"
"2013",25.755,"Fiji"
"2013",25.101,"Fiji"
"2013",24.196,"Fiji"
"2013",24.435,"Fiji"
"2013",-8.621,"Finland"
"2013",-6.349,"Finland"
"2013",-10.168,"Finland"
"2013",0.458,"Finland"
"2013",10.42,"Finland"
"2013",15.724,"Finland"
"2013",15.937,"Finland"
"2013",15.112,"Finland"
"2013",3.413,"France (Europe)"
"2013",2.435,"France (Europe)"
"2013",5.542,"France (Europe)"
"2013",9.61,"France (Europe)"
"2013",11.476,"France (Europe)"
"2013",16.328,"France (Europe)"
"2013",21.291,"France (Europe)"
"2013",19.471,"France (Europe)"
"2013",7.235,"France"
"2013",6.385,"France"
"2013",9.041,"France"
"2013",12.32,"France"
"2013",13.763,"France"
"2013",17.75,"France"
"2013",21.817,"France"
"2013",20.366,"France"
"2013",26.369,"French Guiana"
"2013",25.946,"French Guiana"
"2013",26.735,"French Guiana"
"2013",26.473,"French Guiana"
"2013",26.379,"French Guiana"
"2013",26.619,"French Guiana"
"2013",26.542,"French Guiana"
"2013",27.168,"French Guiana"
"2013",27.282,"French Polynesia"
"2013",27.89,"French Polynesia"
"2013",28.342,"French Polynesia"
"2013",27.746,"French Polynesia"
"2013",27.326,"French Polynesia"
"2013",26.347,"French Polynesia"
"2013",25.252,"French Polynesia"
"2013",25.078,"French Polynesia"
"2013",8.976,"French Southern And Antarctic Lands"
"2013",8.591,"French Southern And Antarctic Lands"
"2013",8.589,"French Southern And Antarctic Lands"
"2013",6.48,"French Southern And Antarctic Lands"
"2013",4.125,"French Southern And Antarctic Lands"
"2013",2.873,"French Southern And Antarctic Lands"
"2013",2.993,"French Southern And Antarctic Lands"
"2013",2.857,"French Southern And Antarctic Lands"
"2013",25.446,"Gabon"
"2013",26.368,"Gabon"
"2013",25.904,"Gabon"
"2013",25.753,"Gabon"
"2013",25.43,"Gabon"
"2013",23.909,"Gabon"
"2013",22.836,"Gabon"
"2013",23.062,"Gabon"
"2013",24.734,"Gambia"
"2013",27.519,"Gambia"
"2013",29.944,"Gambia"
"2013",29.9,"Gambia"
"2013",31.383,"Gambia"
"2013",30.449,"Gambia"
"2013",28.92,"Gambia"
"2013",26.946,"Gambia"
"2013",11.839,"Gaza Strip"
"2013",13.718,"Gaza Strip"
"2013",16.641,"Gaza Strip"
"2013",18.716,"Gaza Strip"
"2013",23.821,"Gaza Strip"
"2013",26.016,"Gaza Strip"
"2013",27.434,"Gaza Strip"
"2013",28.073,"Gaza Strip"
"2013",-0.732,"Georgia"
"2013",2.212,"Georgia"
"2013",3.934,"Georgia"
"2013",9.558,"Georgia"
"2013",14.751,"Georgia"
"2013",17.417,"Georgia"
"2013",19.045,"Georgia"
"2013",19.308,"Georgia"
"2013",-0.0670000000000001,"Germany"
"2013",-0.731,"Germany"
"2013",0.394,"Germany"
"2013",8.213,"Germany"
"2013",12.151,"Germany"
"2013",15.927,"Germany"
"2013",19.762,"Germany"
"2013",18.233,"Germany"
"2013",27.39,"Ghana"
"2013",29.281,"Ghana"
"2013",30.265,"Ghana"
"2013",29.079,"Ghana"
"2013",28.167,"Ghana"
"2013",26.859,"Ghana"
"2013",25.649,"Ghana"
"2013",25.05,"Ghana"
"2013",6.927,"Greece"
"2013",8.479,"Greece"
"2013",10.917,"Greece"
"2013",15.167,"Greece"
"2013",20.504,"Greece"
"2013",23.099,"Greece"
"2013",25.55,"Greece"
"2013",26.585,"Greece"
"2013",-26.875,"Greenland"
"2013",-29.726,"Greenland"
"2013",-24.419,"Greenland"
"2013",-20.73,"Greenland"
"2013",-12.541,"Greenland"
"2013",-3.474,"Greenland"
"2013",-1.292,"Greenland"
"2013",-4.221,"Greenland"
"2013",26.579,"Grenada"
"2013",26.887,"Grenada"
"2013",27.092,"Grenada"
"2013",27.376,"Grenada"
"2013",28.183,"Grenada"
"2013",28.027,"Grenada"
"2013",28.351,"Grenada"
"2013",28.408,"Grenada"
"2013",25.718,"Guadeloupe"
"2013",25.739,"Guadeloupe"
"2013",26.028,"Guadeloupe"
"2013",26.515,"Guadeloupe"
"2013",27.698,"Guadeloupe"
"2013",28.238,"Guadeloupe"
"2013",28.548,"Guadeloupe"
"2013",28.77,"Guadeloupe"
"2013",26.043,"Guam"
"2013",26.169,"Guam"
"2013",27.432,"Guam"
"2013",28.341,"Guam"
"2013",28.779,"Guam"
"2013",28.858,"Guam"
"2013",28.068,"Guam"
"2013",27.581,"Guam"
"2013",21.927,"Guatemala"
"2013",22.927,"Guatemala"
"2013",23.181,"Guatemala"
"2013",25.596,"Guatemala"
"2013",25.704,"Guatemala"
"2013",25.048,"Guatemala"
"2013",24.588,"Guatemala"
"2013",23.996,"Guatemala"
"2013",25.655,"Guatemala"
"2013",7.299,"Guernsey"
"2013",5.317,"Guernsey"
"2013",5.694,"Guernsey"
"2013",8.453,"Guernsey"
"2013",10.126,"Guernsey"
"2013",13.531,"Guernsey"
"2013",18.371,"Guernsey"
"2013",17.638,"Guernsey"
"2013",25.2,"Guinea Bissau"
"2013",27.535,"Guinea Bissau"
"2013",29.253,"Guinea Bissau"
"2013",29.559,"Guinea Bissau"
"2013",29.962,"Guinea Bissau"
"2013",28.889,"Guinea Bissau"
"2013",27.132,"Guinea Bissau"
"2013",25.724,"Guinea Bissau"
"2013",24.741,"Guinea"
"2013",26.864,"Guinea"
"2013",29.065,"Guinea"
"2013",28.946,"Guinea"
"2013",28.179,"Guinea"
"2013",26.468,"Guinea"
"2013",24.911,"Guinea"
"2013",24.32,"Guinea"
"2013",26.639,"Guyana"
"2013",26.544,"Guyana"
"2013",27.134,"Guyana"
"2013",26.756,"Guyana"
"2013",26.621,"Guyana"
"2013",26.573,"Guyana"
"2013",26.473,"Guyana"
"2013",26.76,"Guyana"
"2013",25.273,"Haiti"
"2013",25.206,"Haiti"
"2013",25.329,"Haiti"
"2013",26.576,"Haiti"
"2013",27.425,"Haiti"
"2013",28.147,"Haiti"
"2013",28.226,"Haiti"
"2013",28.525,"Haiti"
"2013",28.577,"Haiti"
"2013",5.523,"Heard Island And Mcdonald Islands"
"2013",5.261,"Heard Island And Mcdonald Islands"
"2013",5.018,"Heard Island And Mcdonald Islands"
"2013",3.851,"Heard Island And Mcdonald Islands"
"2013",2.263,"Heard Island And Mcdonald Islands"
"2013",1.564,"Heard Island And Mcdonald Islands"
"2013",1.364,"Heard Island And Mcdonald Islands"
"2013",0.706,"Heard Island And Mcdonald Islands"
"2013",23.735,"Honduras"
"2013",24.679,"Honduras"
"2013",25.051,"Honduras"
"2013",27.504,"Honduras"
"2013",27.123,"Honduras"
"2013",25.956,"Honduras"
"2013",25.834,"Honduras"
"2013",24.92,"Honduras"
"2013",26.789,"Honduras"
"2013",16.318,"Hong Kong"
"2013",18.899,"Hong Kong"
"2013",20.852,"Hong Kong"
"2013",22.114,"Hong Kong"
"2013",26.183,"Hong Kong"
"2013",28.251,"Hong Kong"
"2013",28.386,"Hong Kong"
"2013",28.52,"Hong Kong"
"2013",-0.379,"Hungary"
"2013",1.662,"Hungary"
"2013",3.501,"Hungary"
"2013",12.229,"Hungary"
"2013",16.559,"Hungary"
"2013",19.95,"Hungary"
"2013",22.492,"Hungary"
"2013",22.398,"Hungary"
"2013",-0.519,"Iceland"
"2013",0.327,"Iceland"
"2013",-2.517,"Iceland"
"2013",-1.738,"Iceland"
"2013",3.023,"Iceland"
"2013",7.723,"Iceland"
"2013",8.849,"Iceland"
"2013",8.214,"Iceland"
"2013",17.16,"India"
"2013",20.243,"India"
"2013",24.575,"India"
"2013",27.981,"India"
"2013",31.014,"India"
"2013",28.766,"India"
"2013",27.012,"India"
"2013",26.555,"India"
"2013",26.403,"Indonesia"
"2013",26.209,"Indonesia"
"2013",26.934,"Indonesia"
"2013",26.628,"Indonesia"
"2013",26.818,"Indonesia"
"2013",26.881,"Indonesia"
"2013",25.902,"Indonesia"
"2013",25.961,"Indonesia"
"2013",7.669,"Iran"
"2013",9.867,"Iran"
"2013",13.96,"Iran"
"2013",18.416,"Iran"
"2013",24.123,"Iran"
"2013",29.361,"Iran"
"2013",31.459,"Iran"
"2013",29.473,"Iran"
"2013",10.569,"Iraq"
"2013",13.895,"Iraq"
"2013",16.882,"Iraq"
"2013",21.923,"Iraq"
"2013",27.696,"Iraq"
"2013",32.819,"Iraq"
"2013",35.494,"Iraq"
"2013",34.646,"Iraq"
"2013",5.72,"Ireland"
"2013",5.33,"Ireland"
"2013",4.456,"Ireland"
"2013",7.798,"Ireland"
"2013",10.364,"Ireland"
"2013",13.663,"Ireland"
"2013",17.299,"Ireland"
"2013",15.168,"Ireland"
"2013",6.137,"Isle Of Man"
"2013",4.661,"Isle Of Man"
"2013",3.255,"Isle Of Man"
"2013",6.483,"Isle Of Man"
"2013",9.188,"Isle Of Man"
"2013",12.274,"Isle Of Man"
"2013",16.462,"Isle Of Man"
"2013",15.383,"Isle Of Man"
"2013",12.546,"Israel"
"2013",14.306,"Israel"
"2013",17.427,"Israel"
"2013",19.241,"Israel"
"2013",24.294,"Israel"
"2013",26.229,"Israel"
"2013",27.581,"Israel"
"2013",28.155,"Israel"
"2013",5.585,"Italy"
"2013",4.485,"Italy"
"2013",8.144,"Italy"
"2013",12.642,"Italy"
"2013",15.446,"Italy"
"2013",19.764,"Italy"
"2013",23.651,"Italy"
"2013",23.603,"Italy"
"2013",25.882,"Jamaica"
"2013",25.609,"Jamaica"
"2013",25.369,"Jamaica"
"2013",26.899,"Jamaica"
"2013",27.603,"Jamaica"
"2013",28.075,"Jamaica"
"2013",28.206,"Jamaica"
"2013",28.087,"Jamaica"
"2013",28.398,"Jamaica"
"2013",0.563,"Japan"
"2013",1.528,"Japan"
"2013",6.353,"Japan"
"2013",10.102,"Japan"
"2013",15.256,"Japan"
"2013",19.961,"Japan"
"2013",24.286,"Japan"
"2013",25.669,"Japan"
"2013",7.299,"Jersey"
"2013",5.317,"Jersey"
"2013",5.694,"Jersey"
"2013",8.453,"Jersey"
"2013",10.126,"Jersey"
"2013",13.531,"Jersey"
"2013",18.371,"Jersey"
"2013",17.638,"Jersey"
"2013",10.746,"Jordan"
"2013",13.126,"Jordan"
"2013",16.597,"Jordan"
"2013",19.291,"Jordan"
"2013",24.978,"Jordan"
"2013",27.522,"Jordan"
"2013",29.087,"Jordan"
"2013",29.206,"Jordan"
"2013",-10.744,"Kazakhstan"
"2013",-9.294,"Kazakhstan"
"2013",0.64,"Kazakhstan"
"2013",9.686,"Kazakhstan"
"2013",15.97,"Kazakhstan"
"2013",21.147,"Kazakhstan"
"2013",22.816,"Kazakhstan"
"2013",21.277,"Kazakhstan"
"2013",25.712,"Kenya"
"2013",26.245,"Kenya"
"2013",26.793,"Kenya"
"2013",25.01,"Kenya"
"2013",24.808,"Kenya"
"2013",23.567,"Kenya"
"2013",23.333,"Kenya"
"2013",24.014,"Kenya"
"2013",27.386,"Kingman Reef"
"2013",27.397,"Kingman Reef"
"2013",27.637,"Kingman Reef"
"2013",27.622,"Kingman Reef"
"2013",27.985,"Kingman Reef"
"2013",28.135,"Kingman Reef"
"2013",28.157,"Kingman Reef"
"2013",28.432,"Kingman Reef"
"2013",26.784,"Kiribati"
"2013",26.864,"Kiribati"
"2013",27.334,"Kiribati"
"2013",27.285,"Kiribati"
"2013",27.943,"Kiribati"
"2013",28.162,"Kiribati"
"2013",28.006,"Kiribati"
"2013",28.033,"Kiribati"
"2013",14.439,"Kuwait"
"2013",17.46,"Kuwait"
"2013",19.942,"Kuwait"
"2013",25.124,"Kuwait"
"2013",30.59,"Kuwait"
"2013",35.805,"Kuwait"
"2013",38.234,"Kuwait"
"2013",36.593,"Kuwait"
"2013",-10.673,"Kyrgyzstan"
"2013",-7.509,"Kyrgyzstan"
"2013",2.124,"Kyrgyzstan"
"2013",6.514,"Kyrgyzstan"
"2013",10.732,"Kyrgyzstan"
"2013",15.255,"Kyrgyzstan"
"2013",17.202,"Kyrgyzstan"
"2013",16.46,"Kyrgyzstan"
"2013",20.005,"Laos"
"2013",23.163,"Laos"
"2013",24.645,"Laos"
"2013",26.83,"Laos"
"2013",27.539,"Laos"
"2013",27.51,"Laos"
"2013",26.686,"Laos"
"2013",26.704,"Laos"
"2013",-6.878,"Latvia"
"2013",-2.551,"Latvia"
"2013",-5.635,"Latvia"
"2013",4.312,"Latvia"
"2013",15.041,"Latvia"
"2013",18.238,"Latvia"
"2013",18.427,"Latvia"
"2013",17.625,"Latvia"
"2013",10.119,"Lebanon"
"2013",12.364,"Lebanon"
"2013",14.348,"Lebanon"
"2013",17.003,"Lebanon"
"2013",21.961,"Lebanon"
"2013",24.501,"Lebanon"
"2013",26.174,"Lebanon"
"2013",26.956,"Lebanon"
"2013",20.234,"Lesotho"
"2013",19.999,"Lesotho"
"2013",18.406,"Lesotho"
"2013",13.546,"Lesotho"
"2013",10.825,"Lesotho"
"2013",8.423,"Lesotho"
"2013",8.816,"Lesotho"
"2013",9.94,"Lesotho"
"2013",26.423,"Liberia"
"2013",27.166,"Liberia"
"2013",27.693,"Liberia"
"2013",27.106,"Liberia"
"2013",26.868,"Liberia"
"2013",25.811,"Liberia"
"2013",24.74,"Liberia"
"2013",24.705,"Liberia"
"2013",13.471,"Libya"
"2013",15.411,"Libya"
"2013",21.456,"Libya"
"2013",23.915,"Libya"
"2013",29.503,"Libya"
"2013",30.337,"Libya"
"2013",30.553,"Libya"
"2013",29.866,"Libya"
"2013",-3.402,"Liechtenstein"
"2013",-5.357,"Liechtenstein"
"2013",-0.946,"Liechtenstein"
"2013",5.521,"Liechtenstein"
"2013",8.179,"Liechtenstein"
"2013",12.535,"Liechtenstein"
"2013",16.657,"Liechtenstein"
"2013",14.832,"Liechtenstein"
"2013",-6.237,"Lithuania"
"2013",-1.773,"Lithuania"
"2013",-4.652,"Lithuania"
"2013",5.146,"Lithuania"
"2013",15.528,"Lithuania"
"2013",18.182,"Lithuania"
"2013",18.369,"Lithuania"
"2013",17.869,"Lithuania"
"2013",1.171,"Luxembourg"
"2013",0.364,"Luxembourg"
"2013",2.488,"Luxembourg"
"2013",8.772,"Luxembourg"
"2013",11.526,"Luxembourg"
"2013",15.995,"Luxembourg"
"2013",20.422,"Luxembourg"
"2013",18.464,"Luxembourg"
"2013",15.654,"Macau"
"2013",18.328,"Macau"
"2013",20.449,"Macau"
"2013",21.968,"Macau"
"2013",26.226,"Macau"
"2013",28.283,"Macau"
"2013",28.381,"Macau"
"2013",28.495,"Macau"
"2013",0.772,"Macedonia"
"2013",3.242,"Macedonia"
"2013",6.276,"Macedonia"
"2013",12.28,"Macedonia"
"2013",17.718,"Macedonia"
"2013",19.88,"Macedonia"
"2013",22.328,"Macedonia"
"2013",23.585,"Macedonia"
"2013",25.816,"Madagascar"
"2013",25.874,"Madagascar"
"2013",25.549,"Madagascar"
"2013",24.094,"Madagascar"
"2013",22.394,"Madagascar"
"2013",20.011,"Madagascar"
"2013",19.534,"Madagascar"
"2013",20.404,"Madagascar"
"2013",23.469,"Malawi"
"2013",23.755,"Malawi"
"2013",23.254,"Malawi"
"2013",21.909,"Malawi"
"2013",20.313,"Malawi"
"2013",18.864,"Malawi"
"2013",18.248,"Malawi"
"2013",20.343,"Malawi"
"2013",26.308,"Malaysia"
"2013",26.376,"Malaysia"
"2013",27.461,"Malaysia"
"2013",27.269,"Malaysia"
"2013",27.382,"Malaysia"
"2013",27.614,"Malaysia"
"2013",26.717,"Malaysia"
"2013",26.661,"Malaysia"
"2013",21.485,"Mali"
"2013",24.628,"Mali"
"2013",30.371,"Mali"
"2013",31.843,"Mali"
"2013",34.587,"Mali"
"2013",34.236,"Mali"
"2013",32.028,"Mali"
"2013",30.358,"Mali"
"2013",13.733,"Malta"
"2013",12.364,"Malta"
"2013",15.404,"Malta"
"2013",17.345,"Malta"
"2013",20.186,"Malta"
"2013",22.869,"Malta"
"2013",26.079,"Malta"
"2013",27.519,"Malta"
"2013",25.56,"Martinique"
"2013",25.609,"Martinique"
"2013",25.904,"Martinique"
"2013",26.296,"Martinique"
"2013",27.587,"Martinique"
"2013",28.003,"Martinique"
"2013",28.167,"Martinique"
"2013",28.251,"Martinique"
"2013",20.013,"Mauritania"
"2013",22.864,"Mauritania"
"2013",27.574,"Mauritania"
"2013",29.697,"Mauritania"
"2013",33,"Mauritania"
"2013",34.282,"Mauritania"
"2013",33.248,"Mauritania"
"2013",32.202,"Mauritania"
"2013",26.77,"Mauritius"
"2013",27.014,"Mauritius"
"2013",26.612,"Mauritius"
"2013",25.273,"Mauritius"
"2013",23.63,"Mauritius"
"2013",22.208,"Mauritius"
"2013",21.468,"Mauritius"
"2013",21.524,"Mauritius"
"2013",28.11,"Mayotte"
"2013",27.905,"Mayotte"
"2013",28.297,"Mayotte"
"2013",28.092,"Mayotte"
"2013",27.588,"Mayotte"
"2013",26.056,"Mayotte"
"2013",25.45,"Mayotte"
"2013",25.556,"Mayotte"
"2013",15.299,"Mexico"
"2013",17.361,"Mexico"
"2013",19.421,"Mexico"
"2013",21.986,"Mexico"
"2013",24.113,"Mexico"
"2013",26.225,"Mexico"
"2013",25.304,"Mexico"
"2013",25.274,"Mexico"
"2013",24.99,"Mexico"
"2013",-2.608,"Moldova"
"2013",1.133,"Moldova"
"2013",2.028,"Moldova"
"2013",11.56,"Moldova"
"2013",18.751,"Moldova"
"2013",21.189,"Moldova"
"2013",21.625,"Moldova"
"2013",22.006,"Moldova"
"2013",1.348,"Monaco"
"2013",0.473,"Monaco"
"2013",4.548,"Monaco"
"2013",8.72,"Monaco"
"2013",10.977,"Monaco"
"2013",16.441,"Monaco"
"2013",21.092,"Monaco"
"2013",19.737,"Monaco"
"2013",-20.505,"Mongolia"
"2013",-18.632,"Mongolia"
"2013",-3.976,"Mongolia"
"2013",2.637,"Mongolia"
"2013",11.871,"Mongolia"
"2013",16.04,"Mongolia"
"2013",18.213,"Mongolia"
"2013",16.814,"Mongolia"
"2013",1.331,"Montenegro"
"2013",3.02,"Montenegro"
"2013",5.665,"Montenegro"
"2013",11.911,"Montenegro"
"2013",16.611,"Montenegro"
"2013",19.402,"Montenegro"
"2013",21.988,"Montenegro"
"2013",23.035,"Montenegro"
"2013",25.75,"Montserrat"
"2013",25.767,"Montserrat"
"2013",26.064,"Montserrat"
"2013",26.573,"Montserrat"
"2013",27.718,"Montserrat"
"2013",28.287,"Montserrat"
"2013",28.651,"Montserrat"
"2013",28.896,"Montserrat"
"2013",10.789,"Morocco"
"2013",11.61,"Morocco"
"2013",15.089,"Morocco"
"2013",17.483,"Morocco"
"2013",19.867,"Morocco"
"2013",24.013,"Morocco"
"2013",27.755,"Morocco"
"2013",27.836,"Morocco"
"2013",26.377,"Mozambique"
"2013",26.218,"Mozambique"
"2013",25.591,"Mozambique"
"2013",24.086,"Mozambique"
"2013",22.268,"Mozambique"
"2013",20.833,"Mozambique"
"2013",20.321,"Mozambique"
"2013",22.21,"Mozambique"
"2013",26.365,"Namibia"
"2013",26.647,"Namibia"
"2013",25.413,"Namibia"
"2013",21.509,"Namibia"
"2013",19.669,"Namibia"
"2013",16.554,"Namibia"
"2013",16.118,"Namibia"
"2013",17.852,"Namibia"
"2013",4.628,"Nepal"
"2013",8.357,"Nepal"
"2013",13.114,"Nepal"
"2013",16.893,"Nepal"
"2013",20.691,"Nepal"
"2013",21.375,"Nepal"
"2013",21.367,"Nepal"
"2013",21.185,"Nepal"
"2013",1.649,"Netherlands (Europe)"
"2013",1.439,"Netherlands (Europe)"
"2013",2.012,"Netherlands (Europe)"
"2013",7.571,"Netherlands (Europe)"
"2013",11.257,"Netherlands (Europe)"
"2013",14.877,"Netherlands (Europe)"
"2013",18.745,"Netherlands (Europe)"
"2013",18.07,"Netherlands (Europe)"
"2013",2.186,"Netherlands"
"2013",1.992,"Netherlands"
"2013",2.559,"Netherlands"
"2013",8.005,"Netherlands"
"2013",11.632,"Netherlands"
"2013",15.187,"Netherlands"
"2013",18.975,"Netherlands"
"2013",18.316,"Netherlands"
"2013",25.221,"New Caledonia"
"2013",25.69,"New Caledonia"
"2013",25.619,"New Caledonia"
"2013",24.695,"New Caledonia"
"2013",22.49,"New Caledonia"
"2013",21.719,"New Caledonia"
"2013",21.181,"New Caledonia"
"2013",20.444,"New Caledonia"
"2013",15.623,"New Zealand"
"2013",15.538,"New Zealand"
"2013",14.85,"New Zealand"
"2013",12.279,"New Zealand"
"2013",9.006,"New Zealand"
"2013",6.463,"New Zealand"
"2013",6.751,"New Zealand"
"2013",8.198,"New Zealand"
"2013",25.685,"Nicaragua"
"2013",25.693,"Nicaragua"
"2013",26.672,"Nicaragua"
"2013",28.101,"Nicaragua"
"2013",27.953,"Nicaragua"
"2013",26.834,"Nicaragua"
"2013",26.952,"Nicaragua"
"2013",26.29,"Nicaragua"
"2013",27.664,"Nicaragua"
"2013",20.228,"Niger"
"2013",23.212,"Niger"
"2013",29.701,"Niger"
"2013",31.132,"Niger"
"2013",34.058,"Niger"
"2013",33.786,"Niger"
"2013",32.034,"Niger"
"2013",29.7,"Niger"
"2013",25.958,"Nigeria"
"2013",28.344,"Nigeria"
"2013",30.902,"Nigeria"
"2013",30.047,"Nigeria"
"2013",29.259,"Nigeria"
"2013",27.782,"Nigeria"
"2013",26.62,"Nigeria"
"2013",25.135,"Nigeria"
"2013",26.925,"Niue"
"2013",27.38,"Niue"
"2013",27.28,"Niue"
"2013",26.718,"Niue"
"2013",26.249,"Niue"
"2013",25.209,"Niue"
"2013",24.222,"Niue"
"2013",24.397,"Niue"
"2013",-10.003,"North America"
"2013",-8.602,"North America"
"2013",-4.599,"North America"
"2013",0.327,"North America"
"2013",8.388,"North America"
"2013",14.954,"North America"
"2013",16.84,"North America"
"2013",15.931,"North America"
"2013",12.429,"North America"
"2013",-9.996,"North Korea"
"2013",-7.148,"North Korea"
"2013",-0.221,"North Korea"
"2013",5.267,"North Korea"
"2013",14.494,"North Korea"
"2013",19.168,"North Korea"
"2013",22.755,"North Korea"
"2013",23.613,"North Korea"
"2013",26.043,"Northern Mariana Islands"
"2013",26.169,"Northern Mariana Islands"
"2013",27.432,"Northern Mariana Islands"
"2013",28.341,"Northern Mariana Islands"
"2013",28.779,"Northern Mariana Islands"
"2013",28.858,"Northern Mariana Islands"
"2013",28.068,"Northern Mariana Islands"
"2013",27.581,"Northern Mariana Islands"
"2013",-7.711,"Norway"
"2013",-7.44,"Norway"
"2013",-8.22,"Norway"
"2013",-1.907,"Norway"
"2013",6.471,"Norway"
"2013",9.828,"Norway"
"2013",11.838,"Norway"
"2013",11.024,"Norway"
"2013",29.154,"Oceania"
"2013",27.767,"Oceania"
"2013",26.128,"Oceania"
"2013",23.111,"Oceania"
"2013",19.437,"Oceania"
"2013",16.294,"Oceania"
"2013",16.182,"Oceania"
"2013",17.853,"Oceania"
"2013",20.325,"Oman"
"2013",22.131,"Oman"
"2013",23.09,"Oman"
"2013",29.061,"Oman"
"2013",32.437,"Oman"
"2013",34.009,"Oman"
"2013",32.678,"Oman"
"2013",31.824,"Oman"
"2013",9.797,"Pakistan"
"2013",11.951,"Pakistan"
"2013",15.685,"Pakistan"
"2013",22.958,"Pakistan"
"2013",28.38,"Pakistan"
"2013",30.807,"Pakistan"
"2013",30.502,"Pakistan"
"2013",28.487,"Pakistan"
"2013",27.613,"Palau"
"2013",27.299,"Palau"
"2013",27.912,"Palau"
"2013",28.123,"Palau"
"2013",28.488,"Palau"
"2013",27.994,"Palau"
"2013",27.718,"Palau"
"2013",27.416,"Palau"
"2013",21.693,"Palestina"
"2013",22.398,"Palestina"
"2013",23.266,"Palestina"
"2013",24.144,"Palestina"
"2013",24.796,"Palestina"
"2013",25.362,"Palestina"
"2013",25.617,"Palestina"
"2013",25.461,"Palestina"
"2013",27.395,"Palmyra Atoll"
"2013",27.43,"Palmyra Atoll"
"2013",27.668,"Palmyra Atoll"
"2013",27.665,"Palmyra Atoll"
"2013",28.021,"Palmyra Atoll"
"2013",28.183,"Palmyra Atoll"
"2013",28.2,"Palmyra Atoll"
"2013",28.477,"Palmyra Atoll"
"2013",26.902,"Panama"
"2013",26.551,"Panama"
"2013",27.474,"Panama"
"2013",27.671,"Panama"
"2013",27.313,"Panama"
"2013",27.271,"Panama"
"2013",27.443,"Panama"
"2013",27.115,"Panama"
"2013",25.465,"Papua New Guinea"
"2013",25.774,"Papua New Guinea"
"2013",24.882,"Papua New Guinea"
"2013",25.404,"Papua New Guinea"
"2013",25.402,"Papua New Guinea"
"2013",25.1,"Papua New Guinea"
"2013",24.389,"Papua New Guinea"
"2013",24.137,"Papua New Guinea"
"2013",28.334,"Paraguay"
"2013",27.526,"Paraguay"
"2013",25.662,"Paraguay"
"2013",23.426,"Paraguay"
"2013",21.011,"Paraguay"
"2013",19.342,"Paraguay"
"2013",18.803,"Paraguay"
"2013",18.438,"Paraguay"
"2013",20.749,"Peru"
"2013",20.679,"Peru"
"2013",20.871,"Peru"
"2013",20.32,"Peru"
"2013",20.172,"Peru"
"2013",19.312,"Peru"
"2013",18.544,"Peru"
"2013",19.163,"Peru"
"2013",25.58,"Philippines"
"2013",26.481,"Philippines"
"2013",27.502,"Philippines"
"2013",28.489,"Philippines"
"2013",28.673,"Philippines"
"2013",28.169,"Philippines"
"2013",27.372,"Philippines"
"2013",27.068,"Philippines"
"2013",-3.406,"Poland"
"2013",-0.813,"Poland"
"2013",-1.391,"Poland"
"2013",8.173,"Poland"
"2013",14.957,"Poland"
"2013",17.811,"Poland"
"2013",19.584,"Poland"
"2013",19.148,"Poland"
"2013",9.71,"Portugal"
"2013",9.319,"Portugal"
"2013",11.646,"Portugal"
"2013",13.642,"Portugal"
"2013",15.519,"Portugal"
"2013",19.987,"Portugal"
"2013",23.691,"Portugal"
"2013",23.6,"Portugal"
"2013",24.644,"Puerto Rico"
"2013",24.43,"Puerto Rico"
"2013",24.763,"Puerto Rico"
"2013",25.283,"Puerto Rico"
"2013",26.485,"Puerto Rico"
"2013",27.206,"Puerto Rico"
"2013",27.474,"Puerto Rico"
"2013",28.216,"Puerto Rico"
"2013",28.048,"Puerto Rico"
"2013",18.785,"Qatar"
"2013",20.434,"Qatar"
"2013",21.969,"Qatar"
"2013",27.615,"Qatar"
"2013",31.645,"Qatar"
"2013",35.782,"Qatar"
"2013",37.07,"Qatar"
"2013",35.29,"Qatar"
"2013",26.24,"Reunion"
"2013",26.765,"Reunion"
"2013",26.234,"Reunion"
"2013",25.167,"Reunion"
"2013",23.876,"Reunion"
"2013",22.476,"Reunion"
"2013",21.81,"Reunion"
"2013",21.585,"Reunion"
"2013",-1.684,"Romania"
"2013",1.616,"Romania"
"2013",3.053,"Romania"
"2013",11.284,"Romania"
"2013",16.978,"Romania"
"2013",19.449,"Romania"
"2013",20.861,"Romania"
"2013",21.607,"Romania"
"2013",-25.53,"Russia"
"2013",-22.429,"Russia"
"2013",-16.67,"Russia"
"2013",-2.986,"Russia"
"2013",6.313,"Russia"
"2013",13.327,"Russia"
"2013",16.051,"Russia"
"2013",13.819,"Russia"
"2013",20.408,"Rwanda"
"2013",20.437,"Rwanda"
"2013",20.047,"Rwanda"
"2013",19.121,"Rwanda"
"2013",19.837,"Rwanda"
"2013",19.88,"Rwanda"
"2013",20.021,"Rwanda"
"2013",21.08,"Rwanda"
"2013",25.919,"Saint Barthélemy"
"2013",25.899,"Saint Barthélemy"
"2013",26.187,"Saint Barthélemy"
"2013",26.679,"Saint Barthélemy"
"2013",27.667,"Saint Barthélemy"
"2013",28.414,"Saint Barthélemy"
"2013",28.904,"Saint Barthélemy"
"2013",29.235,"Saint Barthélemy"
"2013",25.326,"Saint Kitts And Nevis"
"2013",25.296,"Saint Kitts And Nevis"
"2013",25.591,"Saint Kitts And Nevis"
"2013",26.111,"Saint Kitts And Nevis"
"2013",27.152,"Saint Kitts And Nevis"
"2013",27.545,"Saint Kitts And Nevis"
"2013",27.948,"Saint Kitts And Nevis"
"2013",28.357,"Saint Kitts And Nevis"
"2013",26.331,"Saint Lucia"
"2013",26.429,"Saint Lucia"
"2013",26.745,"Saint Lucia"
"2013",27.05,"Saint Lucia"
"2013",28.055,"Saint Lucia"
"2013",28.159,"Saint Lucia"
"2013",28.42,"Saint Lucia"
"2013",28.535,"Saint Lucia"
"2013",25.919,"Saint Martin"
"2013",25.899,"Saint Martin"
"2013",26.187,"Saint Martin"
"2013",26.679,"Saint Martin"
"2013",27.667,"Saint Martin"
"2013",28.414,"Saint Martin"
"2013",28.904,"Saint Martin"
"2013",29.235,"Saint Martin"
"2013",-4.64,"Saint Pierre And Miquelon"
"2013",-3.036,"Saint Pierre And Miquelon"
"2013",0.773,"Saint Pierre And Miquelon"
"2013",3.118,"Saint Pierre And Miquelon"
"2013",8.141,"Saint Pierre And Miquelon"
"2013",11.033,"Saint Pierre And Miquelon"
"2013",16.346,"Saint Pierre And Miquelon"
"2013",16.84,"Saint Pierre And Miquelon"
"2013",13.745,"Saint Pierre And Miquelon"
"2013",26.546,"Saint Vincent And The Grenadines"
"2013",26.713,"Saint Vincent And The Grenadines"
"2013",26.98,"Saint Vincent And The Grenadines"
"2013",27.288,"Saint Vincent And The Grenadines"
"2013",28.208,"Saint Vincent And The Grenadines"
"2013",28.199,"Saint Vincent And The Grenadines"
"2013",28.492,"Saint Vincent And The Grenadines"
"2013",28.665,"Saint Vincent And The Grenadines"
"2013",26.97,"Samoa"
"2013",27.421,"Samoa"
"2013",27.204,"Samoa"
"2013",27.423,"Samoa"
"2013",27.633,"Samoa"
"2013",27.364,"Samoa"
"2013",26.604,"Samoa"
"2013",26.793,"Samoa"
"2013",7.609,"San Marino"
"2013",5.774,"San Marino"
"2013",8.538,"San Marino"
"2013",13.745,"San Marino"
"2013",16.041,"San Marino"
"2013",20.265,"San Marino"
"2013",24.299,"San Marino"
"2013",24.654,"San Marino"
"2013",27.134,"Sao Tome And Principe"
"2013",28.076,"Sao Tome And Principe"
"2013",27.487,"Sao Tome And Principe"
"2013",27.098,"Sao Tome And Principe"
"2013",26.815,"Sao Tome And Principe"
"2013",25.501,"Sao Tome And Principe"
"2013",25.09,"Sao Tome And Principe"
"2013",25.059,"Sao Tome And Principe"
"2013",16.947,"Saudi Arabia"
"2013",19.614,"Saudi Arabia"
"2013",22.505,"Saudi Arabia"
"2013",26.874,"Saudi Arabia"
"2013",31.147,"Saudi Arabia"
"2013",34.45,"Saudi Arabia"
"2013",35.706,"Saudi Arabia"
"2013",34.683,"Saudi Arabia"
"2013",24.503,"Senegal"
"2013",27.498,"Senegal"
"2013",30.45,"Senegal"
"2013",30.9,"Senegal"
"2013",32.776,"Senegal"
"2013",31.284,"Senegal"
"2013",29.406,"Senegal"
"2013",27.595,"Senegal"
"2013",0.589,"Serbia"
"2013",2.736,"Serbia"
"2013",5.056,"Serbia"
"2013",12.453,"Serbia"
"2013",17.24,"Serbia"
"2013",19.561,"Serbia"
"2013",22.037,"Serbia"
"2013",23.077,"Serbia"
"2013",27.152,"Seychelles"
"2013",26.781,"Seychelles"
"2013",27.42,"Seychelles"
"2013",29.046,"Seychelles"
"2013",28.439,"Seychelles"
"2013",27.283,"Seychelles"
"2013",26.544,"Seychelles"
"2013",26.948,"Seychelles"
"2013",26.333,"Sierra Leone"
"2013",27.642,"Sierra Leone"
"2013",28.674,"Sierra Leone"
"2013",28.235,"Sierra Leone"
"2013",27.704,"Sierra Leone"
"2013",26.667,"Sierra Leone"
"2013",25.251,"Sierra Leone"
"2013",25.078,"Sierra Leone"
"2013",26.836,"Singapore"
"2013",26.563,"Singapore"
"2013",28.053,"Singapore"
"2013",27.767,"Singapore"
"2013",28.083,"Singapore"
"2013",28.662,"Singapore"
"2013",27.487,"Singapore"
"2013",27.372,"Singapore"
"2013",25.919,"Sint Maarten"
"2013",25.899,"Sint Maarten"
"2013",26.187,"Sint Maarten"
"2013",26.679,"Sint Maarten"
"2013",27.667,"Sint Maarten"
"2013",28.414,"Sint Maarten"
"2013",28.904,"Sint Maarten"
"2013",29.235,"Sint Maarten"
"2013",-2.334,"Slovakia"
"2013",-0.411,"Slovakia"
"2013",0.405,"Slovakia"
"2013",9.295,"Slovakia"
"2013",13.979,"Slovakia"
"2013",17.523,"Slovakia"
"2013",19.631,"Slovakia"
"2013",19.397,"Slovakia"
"2013",1.194,"Slovenia"
"2013",0.53,"Slovenia"
"2013",3.755,"Slovenia"
"2013",11.225,"Slovenia"
"2013",14.573,"Slovenia"
"2013",18.799,"Slovenia"
"2013",22.381,"Slovenia"
"2013",21.501,"Slovenia"
"2013",27.418,"Solomon Islands"
"2013",27.622,"Solomon Islands"
"2013",27.016,"Solomon Islands"
"2013",28.216,"Solomon Islands"
"2013",26.998,"Solomon Islands"
"2013",26.991,"Solomon Islands"
"2013",26.866,"Solomon Islands"
"2013",26.555,"Solomon Islands"
"2013",26.025,"Somalia"
"2013",26.697,"Somalia"
"2013",27.832,"Somalia"
"2013",29.242,"Somalia"
"2013",29.419,"Somalia"
"2013",28.416,"Somalia"
"2013",27.757,"Somalia"
"2013",28.417,"Somalia"
"2013",23.637,"South Africa"
"2013",23.578,"South Africa"
"2013",21.969,"South Africa"
"2013",17.358,"South Africa"
"2013",14.912,"South Africa"
"2013",12.021,"South Africa"
"2013",12.166,"South Africa"
"2013",12.962,"South Africa"
"2013",24.499,"South America"
"2013",24.205,"South America"
"2013",23.544,"South America"
"2013",22.628,"South America"
"2013",21.416,"South America"
"2013",20.734,"South America"
"2013",20.076,"South America"
"2013",20.541,"South America"
"2013",4.356,"South Georgia And The South Sandwich Isla"
"2013",5.254,"South Georgia And The South Sandwich Isla"
"2013",4.28,"South Georgia And The South Sandwich Isla"
"2013",2.954,"South Georgia And The South Sandwich Isla"
"2013",1.174,"South Georgia And The South Sandwich Isla"
"2013",0.697,"South Georgia And The South Sandwich Isla"
"2013",-0.292,"South Georgia And The South Sandwich Isla"
"2013",-0.594,"South Georgia And The South Sandwich Isla"
"2013",-1.949,"South Korea"
"2013",0.477,"South Korea"
"2013",6.617,"South Korea"
"2013",10.469,"South Korea"
"2013",17.862,"South Korea"
"2013",22.436,"South Korea"
"2013",26.571,"South Korea"
"2013",27.601,"South Korea"
"2013",7.318,"Spain"
"2013",6.988,"Spain"
"2013",10.248,"Spain"
"2013",12.188,"Spain"
"2013",14.204,"Spain"
"2013",19.364,"Spain"
"2013",24.543,"Spain"
"2013",24.018,"Spain"
"2013",26.314,"Sri Lanka"
"2013",26.96,"Sri Lanka"
"2013",28.455,"Sri Lanka"
"2013",29.413,"Sri Lanka"
"2013",29.389,"Sri Lanka"
"2013",28.434,"Sri Lanka"
"2013",28.283,"Sri Lanka"
"2013",28.153,"Sri Lanka"
"2013",23.967,"Sudan"
"2013",26.519,"Sudan"
"2013",28.875,"Sudan"
"2013",27.899,"Sudan"
"2013",31.525,"Sudan"
"2013",31.02,"Sudan"
"2013",29.287,"Sudan"
"2013",29.484,"Sudan"
"2013",26.706,"Suriname"
"2013",26.467,"Suriname"
"2013",27.113,"Suriname"
"2013",26.817,"Suriname"
"2013",26.878,"Suriname"
"2013",27.044,"Suriname"
"2013",27.122,"Suriname"
"2013",27.511,"Suriname"
"2013",-10.443,"Svalbard And Jan Mayen"
"2013",-13.603,"Svalbard And Jan Mayen"
"2013",-16.73,"Svalbard And Jan Mayen"
"2013",-11.751,"Svalbard And Jan Mayen"
"2013",-3.09,"Svalbard And Jan Mayen"
"2013",2.422,"Svalbard And Jan Mayen"
"2013",5.354,"Svalbard And Jan Mayen"
"2013",4.785,"Svalbard And Jan Mayen"
"2013",23.105,"Swaziland"
"2013",23.422,"Swaziland"
"2013",21.533,"Swaziland"
"2013",19.313,"Swaziland"
"2013",16.889,"Swaziland"
"2013",15.27,"Swaziland"
"2013",14.729,"Swaziland"
"2013",17.405,"Swaziland"
"2013",-7.811,"Sweden"
"2013",-6.362,"Sweden"
"2013",-7.005,"Sweden"
"2013",1.059,"Sweden"
"2013",10.509,"Sweden"
"2013",13.741,"Sweden"
"2013",15.262,"Sweden"
"2013",14.205,"Sweden"
"2013",-0.806,"Switzerland"
"2013",-2.535,"Switzerland"
"2013",1.325,"Switzerland"
"2013",7.225,"Switzerland"
"2013",9.545,"Switzerland"
"2013",14.692,"Switzerland"
"2013",18.905,"Switzerland"
"2013",17.069,"Switzerland"
"2013",7.742,"Syria"
"2013",10.94,"Syria"
"2013",13.443,"Syria"
"2013",17.777,"Syria"
"2013",23.33,"Syria"
"2013",27.429,"Syria"
"2013",29.777,"Syria"
"2013",29.731,"Syria"
"2013",16.601,"Taiwan"
"2013",18.726,"Taiwan"
"2013",20.164,"Taiwan"
"2013",21.057,"Taiwan"
"2013",24.725,"Taiwan"
"2013",27.012,"Taiwan"
"2013",27.87,"Taiwan"
"2013",27.965,"Taiwan"
"2013",-9.649,"Tajikistan"
"2013",-5.622,"Tajikistan"
"2013",1.361,"Tajikistan"
"2013",5.945,"Tajikistan"
"2013",10.575,"Tajikistan"
"2013",15.838,"Tajikistan"
"2013",17.556,"Tajikistan"
"2013",16.497,"Tajikistan"
"2013",24.16,"Tanzania"
"2013",24.29,"Tanzania"
"2013",23.95,"Tanzania"
"2013",22.977,"Tanzania"
"2013",22.421,"Tanzania"
"2013",21.258,"Tanzania"
"2013",21,"Tanzania"
"2013",22.126,"Tanzania"
"2013",24.373,"Thailand"
"2013",27.148,"Thailand"
"2013",28.528,"Thailand"
"2013",29.885,"Thailand"
"2013",29.548,"Thailand"
"2013",28.325,"Thailand"
"2013",27.564,"Thailand"
"2013",27.548,"Thailand"
"2013",27.243,"Timor Leste"
"2013",26.227,"Timor Leste"
"2013",27.241,"Timor Leste"
"2013",26.795,"Timor Leste"
"2013",26.984,"Timor Leste"
"2013",26.2,"Timor Leste"
"2013",25.036,"Timor Leste"
"2013",24.774,"Timor Leste"
"2013",27.506,"Togo"
"2013",29.477,"Togo"
"2013",30.312,"Togo"
"2013",28.892,"Togo"
"2013",28.022,"Togo"
"2013",26.706,"Togo"
"2013",25.698,"Togo"
"2013",25.131,"Togo"
"2013",25.958,"Tonga"
"2013",26.14,"Tonga"
"2013",26.152,"Tonga"
"2013",25.287,"Tonga"
"2013",24.141,"Tonga"
"2013",22.899,"Tonga"
"2013",21.829,"Tonga"
"2013",21.881,"Tonga"
"2013",25.951,"Trinidad And Tobago"
"2013",26.513,"Trinidad And Tobago"
"2013",26.767,"Trinidad And Tobago"
"2013",27.165,"Trinidad And Tobago"
"2013",27.832,"Trinidad And Tobago"
"2013",27.373,"Trinidad And Tobago"
"2013",27.57,"Trinidad And Tobago"
"2013",27.522,"Trinidad And Tobago"
"2013",12.004,"Tunisia"
"2013",11.817,"Tunisia"
"2013",17.582,"Tunisia"
"2013",20.383,"Tunisia"
"2013",24.268,"Tunisia"
"2013",27.488,"Tunisia"
"2013",31.156,"Tunisia"
"2013",30.399,"Tunisia"
"2013",2.103,"Turkey"
"2013",4.82,"Turkey"
"2013",7.63,"Turkey"
"2013",12.102,"Turkey"
"2013",17.522,"Turkey"
"2013",20.862,"Turkey"
"2013",23.335,"Turkey"
"2013",23.839,"Turkey"
"2013",4.455,"Turkmenistan"
"2013",6.316,"Turkmenistan"
"2013",11.505,"Turkmenistan"
"2013",15.954,"Turkmenistan"
"2013",23.377,"Turkmenistan"
"2013",28.502,"Turkmenistan"
"2013",30.647,"Turkmenistan"
"2013",28.152,"Turkmenistan"
"2013",25.311,"Turks And Caicas Islands"
"2013",25.123,"Turks And Caicas Islands"
"2013",24.737,"Turks And Caicas Islands"
"2013",26.58,"Turks And Caicas Islands"
"2013",27.546,"Turks And Caicas Islands"
"2013",29.07,"Turks And Caicas Islands"
"2013",29.214,"Turks And Caicas Islands"
"2013",29.614,"Turks And Caicas Islands"
"2013",29.77,"Turks And Caicas Islands"
"2013",24.875,"Uganda"
"2013",25.29,"Uganda"
"2013",25.267,"Uganda"
"2013",23.518,"Uganda"
"2013",23.591,"Uganda"
"2013",23.188,"Uganda"
"2013",22.885,"Uganda"
"2013",23.583,"Uganda"
"2013",-3.47,"Ukraine"
"2013",-0.146000000000001,"Ukraine"
"2013",-0.286,"Ukraine"
"2013",10.217,"Ukraine"
"2013",18.432,"Ukraine"
"2013",20.834,"Ukraine"
"2013",20.827,"Ukraine"
"2013",20.9,"Ukraine"
"2013",19.793,"United Arab Emirates"
"2013",21.816,"United Arab Emirates"
"2013",23.402,"United Arab Emirates"
"2013",29.061,"United Arab Emirates"
"2013",32.863,"United Arab Emirates"
"2013",35.717,"United Arab Emirates"
"2013",36.696,"United Arab Emirates"
"2013",35.617,"United Arab Emirates"
"2013",3.959,"United Kingdom (Europe)"
"2013",3.384,"United Kingdom (Europe)"
"2013",2.99,"United Kingdom (Europe)"
"2013",6.635,"United Kingdom (Europe)"
"2013",9.826,"United Kingdom (Europe)"
"2013",13.285,"United Kingdom (Europe)"
"2013",17.011,"United Kingdom (Europe)"
"2013",15.776,"United Kingdom (Europe)"
"2013",4.354,"United Kingdom"
"2013",3.773,"United Kingdom"
"2013",3.351,"United Kingdom"
"2013",6.789,"United Kingdom"
"2013",9.605,"United Kingdom"
"2013",12.826,"United Kingdom"
"2013",16.26,"United Kingdom"
"2013",15.022,"United Kingdom"
"2013",-2.155,"United States"
"2013",-1.216,"United States"
"2013",2.289,"United States"
"2013",6.97,"United States"
"2013",14.073,"United States"
"2013",20.198,"United States"
"2013",22.074,"United States"
"2013",21.168,"United States"
"2013",18.273,"United States"
"2013",23.521,"Uruguay"
"2013",23.241,"Uruguay"
"2013",19.755,"Uruguay"
"2013",18.187,"Uruguay"
"2013",14.345,"Uruguay"
"2013",12.032,"Uruguay"
"2013",11.464,"Uruguay"
"2013",11.49,"Uruguay"
"2013",0.346,"Uzbekistan"
"2013",2.498,"Uzbekistan"
"2013",9.524,"Uzbekistan"
"2013",14.266,"Uzbekistan"
"2013",21.612,"Uzbekistan"
"2013",26.635,"Uzbekistan"
"2013",28.44,"Uzbekistan"
"2013",26.185,"Uzbekistan"
"2013",25.403,"Venezuela"
"2013",25.76,"Venezuela"
"2013",26.732,"Venezuela"
"2013",26.406,"Venezuela"
"2013",26.253,"Venezuela"
"2013",25.674,"Venezuela"
"2013",25.449,"Venezuela"
"2013",25.626,"Venezuela"
"2013",19.885,"Vietnam"
"2013",22.549,"Vietnam"
"2013",24.335,"Vietnam"
"2013",25.887,"Vietnam"
"2013",27.443,"Vietnam"
"2013",27.623,"Vietnam"
"2013",27.109,"Vietnam"
"2013",27.026,"Vietnam"
"2013",25.594,"Virgin Islands"
"2013",25.594,"Virgin Islands"
"2013",25.86,"Virgin Islands"
"2013",26.481,"Virgin Islands"
"2013",27.493,"Virgin Islands"
"2013",28.021,"Virgin Islands"
"2013",28.63,"Virgin Islands"
"2013",29.147,"Virgin Islands"
"2013",28.991,"Virgin Islands"
"2013",17.461,"Western Sahara"
"2013",19.116,"Western Sahara"
"2013",21.992,"Western Sahara"
"2013",23.614,"Western Sahara"
"2013",24.935,"Western Sahara"
"2013",26.356,"Western Sahara"
"2013",27.916,"Western Sahara"
"2013",28.564,"Western Sahara"
"2013",21.567,"Yemen"
"2013",23.651,"Yemen"
"2013",24.939,"Yemen"
"2013",29.21,"Yemen"
"2013",31.173,"Yemen"
"2013",32.325,"Yemen"
"2013",31.34,"Yemen"
"2013",30.833,"Yemen"
"2013",23.072,"Zambia"
"2013",23.636,"Zambia"
"2013",23.249,"Zambia"
"2013",21.71,"Zambia"
"2013",20.045,"Zambia"
"2013",18.703,"Zambia"
"2013",18.266,"Zambia"
"2013",20.887,"Zambia"
"2013",23.812,"Zimbabwe"
"2013",24.075,"Zimbabwe"
"2013",23.226,"Zimbabwe"
"2013",21.142,"Zimbabwe"
"2013",19.059,"Zimbabwe"
"2013",17.613,"Zimbabwe"
"2013",17,"Zimbabwe"
"2013",19.759,"Zimbabwe"
